HEART;361
HEART;354
HEART;316
HEART;270
HEART;239
HEART;235
HEART;255
HEART;390
HEART;724
HEART;1016
HEART;1016
HEART;1005
HEART;662
HEART;406
HEART;366
HEART;375
HEART;320
HEART;271
HEART;228
HEART;225
HEART;235
HEART;238
HEART;236
HEART;417
HEART;677
HEART;837
HEART;749
HEART;565
HEART;423
HEART;347
HEART;309
HEART;313
HEART;291
HEART;271
HEART;262
HEART;256
HEART;260
HEART;279
HEART;388
HEART;519
HEART;496
HEART;412
HEART;358
HEART;326
HEART;350
HEART;380
HEART;374
HEART;347
HEART;353
HEART;359
HEART;393
HEART;421
HEART;443
HEART;533
HEART;686
HEART;693
HEART;650
HEART;555
HEART;514
HEART;508
HEART;502
HEART;482
HEART;463
HEART;445
HEART;439
HEART;437
HEART;461
HEART;671
HEART;820
HEART;844
HEART;792
HEART;686
HEART;605
HEART;557
HEART;533
HEART;526
HEART;515
HEART;480
HEART;455
HEART;439
HEART;426
HEART;511
HEART;686
HEART;830
HEART;754
HEART;676
HEART;563
HEART;512
HEART;521
HEART;507
HEART;482
HEART;444
HEART;414
HEART;393
HEART;408
HEART;553
HEART;781
HEART;798
HEART;699
HEART;627
HEART;521
HEART;500
HEART;502
HEART;487
HEART;448
HEART;427
HEART;408
HEART;408
HEART;451
HEART;647
HEART;756
HEART;733
HEART;661
HEART;552
HEART;507
HEART;504
HEART;500
HEART;478
HEART;444
HEART;416
HEART;402
HEART;406
HEART;513
HEART;706
HEART;740
HEART;684
HEART;636
HEART;549
HEART;493
HEART;489
HEART;486
HEART;458
HEART;431
HEART;419
HEART;403
HEART;403
HEART;427
HEART;593
HEART;684
HEART;680
HEART;611
HEART;530
HEART;492
HEART;481
HEART;478
HEART;462
HEART;434
HEART;420
HEART;414
HEART;410
HEART;405
HEART;433
HEART;593
HEART;662
HEART;638
HEART;569
HEART;524
HEART;490
HEART;489
HEART;491
HEART;480
HEART;477
HEART;481
HEART;462
HEART;393
HEART;348
HEART;451
HEART;671
HEART;726
HEART;682
HEART;571
HEART;515
HEART;500
HEART;517
HEART;512
HEART;482
HEART;459
HEART;450
HEART;434
HEART;417
HEART;436
HEART;605
HEART;790
HEART;794
HEART;719
HEART;630
HEART;580
HEART;559
HEART;550
HEART;534
HEART;496
HEART;463
HEART;453
HEART;444
HEART;427
HEART;448
HEART;671
HEART;868
HEART;846
HEART;734
HEART;611
HEART;546
HEART;516
HEART;516
HEART;494
HEART;456
HEART;430
HEART;424
HEART;419
HEART;405
HEART;428
HEART;655
HEART;823
HEART;777
HEART;653
HEART;531
HEART;491
HEART;512
HEART;518
HEART;494
HEART;456
HEART;424
HEART;415
HEART;403
HEART;423
HEART;550
HEART;764
HEART;739
HEART;661
HEART;554
HEART;486
HEART;491
HEART;497
HEART;460
HEART;434
HEART;413
HEART;411
HEART;408
HEART;411
HEART;557
HEART;716
HEART;788
HEART;695
HEART;630
HEART;543
HEART;510
HEART;506
HEART;482
HEART;451
HEART;433
HEART;421
HEART;416
HEART;412
HEART;437
HEART;653
HEART;798
HEART;792
HEART;678
HEART;605
HEART;519
HEART;505
HEART;504
HEART;483
HEART;449
HEART;425
HEART;408
HEART;402
HEART;405
HEART;422
HEART;627
HEART;793
HEART;806
HEART;683
HEART;604
HEART;520
HEART;517
HEART;523
HEART;501
HEART;472
HEART;434
HEART;417
HEART;410
HEART;408
HEART;436
HEART;683
HEART;841
HEART;823
HEART;724
HEART;587
HEART;530
HEART;525
HEART;529
HEART;494
HEART;438
HEART;421
HEART;423
HEART;423
HEART;419
HEART;445
HEART;716
HEART;928
HEART;950
HEART;854
HEART;712
HEART;588
HEART;563
HEART;567
HEART;528
HEART;486
HEART;434
HEART;419
HEART;413
HEART;406
HEART;400
HEART;520
HEART;805
HEART;1016
HEART;1016
HEART;935
HEART;737
HEART;571
HEART;554
HEART;538
HEART;497
HEART;425
HEART;387
HEART;354
HEART;348
HEART;345
HEART;354
HEART;605
HEART;1012
HEART;1016
HEART;902
HEART;689
HEART;515
HEART;478
HEART;493
HEART;468
HEART;406
HEART;359
HEART;348
HEART;354
HEART;353
HEART;348
HEART;586
HEART;858
HEART;934
HEART;722
HEART;590
HEART;455
HEART;448
HEART;487
HEART;459
HEART;422
HEART;377
HEART;357
HEART;356
HEART;353
HEART;384
HEART;700
HEART;891
HEART;839
HEART;722
HEART;583
HEART;501
HEART;459
HEART;471
HEART;437
HEART;387
HEART;372
HEART;363
HEART;359
HEART;350
HEART;409
HEART;589
HEART;824
HEART;750
HEART;625
HEART;544
HEART;450
HEART;446
HEART;450
HEART;419
HEART;383
HEART;372
HEART;358
HEART;359
HEART;355
HEART;392
HEART;634
HEART;735
HEART;677
HEART;578
HEART;515
HEART;450
HEART;451
HEART;463
HEART;440
HEART;415
HEART;393
HEART;392
HEART;392
HEART;384
HEART;444
HEART;592
HEART;730
HEART;662
HEART;605
HEART;515
HEART;476
HEART;491
HEART;491
HEART;452
HEART;426
HEART;410
HEART;414
HEART;416
HEART;408
HEART;438
HEART;576
HEART;796
HEART;792
HEART;744
HEART;655
HEART;556
HEART;540
HEART;535
HEART;507
HEART;467
HEART;450
HEART;441
HEART;444
HEART;430
HEART;410
HEART;439
HEART;691
HEART;882
HEART;851
HEART;745
HEART;627
HEART;560
HEART;536
HEART;521
HEART;492
HEART;445
HEART;411
HEART;400
HEART;397
HEART;388
HEART;375
HEART;435
HEART;724
HEART;833
HEART;767
HEART;644
HEART;568
HEART;497
HEART;504
HEART;502
HEART;468
HEART;426
HEART;412
HEART;409
HEART;413
HEART;404
HEART;419
HEART;635
HEART;768
HEART;737
HEART;615
HEART;543
HEART;482
HEART;493
HEART;490
HEART;460
HEART;427
HEART;411
HEART;398
HEART;397
HEART;391
HEART;392
HEART;547
HEART;739
HEART;828
HEART;715
HEART;647
HEART;550
HEART;508
HEART;514
HEART;498
HEART;458
HEART;436
HEART;417
HEART;409
HEART;405
HEART;398
HEART;459
HEART;650
HEART;895
HEART;833
HEART;741
HEART;626
HEART;532
HEART;519
HEART;515
HEART;467
HEART;433
HEART;400
HEART;389
HEART;392
HEART;379
HEART;412
HEART;613
HEART;916
HEART;855
HEART;749
HEART;619
HEART;523
HEART;522
HEART;534
HEART;490
HEART;449
HEART;412
HEART;403
HEART;405
HEART;407
HEART;620
HEART;869
HEART;935
HEART;775
HEART;668
HEART;534
HEART;516
HEART;535
HEART;495
HEART;437
HEART;410
HEART;402
HEART;394
HEART;390
HEART;571
HEART;995
HEART;1016
HEART;931
HEART;736
HEART;611
HEART;520
HEART;518
HEART;503
HEART;465
HEART;412
HEART;393
HEART;378
HEART;353
HEART;394
HEART;612
HEART;983
HEART;917
HEART;717
HEART;608
HEART;478
HEART;461
HEART;460
HEART;416
HEART;377
HEART;342
HEART;339
HEART;333
HEART;341
HEART;471
HEART;810
HEART;816
HEART;652
HEART;558
HEART;443
HEART;439
HEART;450
HEART;423
HEART;396
HEART;368
